experiment_id;treatment;sex;time;tissue
F1b_FRRN192322421-1a_H5J7TDSXY_L1.fq;undefined;female;adult;brain
F1g_FRRN192322413-1a_H5J7TDSXY_L1.fq;undefined;female;adult;gut
F1l_FRRN192322417-1a_HWCMCDSXX_L1.fq;undefined;female;adult;liver
F2b_FRRN192322423-1a_H5J7TDSXY_L1.fq;undefined;female;adult;brain
F2g_FRRN192322415-1a_H5J7TDSXY_L1.fq;undefined;female;adult;gut
F2l_FRRN192322419-1a_H5J7TDSXY_L1.fq;undefined;female;adult;liver
M1b_FRRN192322422-1a_H5J7TDSXY_L1.fq;undefined;male;adult;brain
M1g_FRRN192322414-1a_H5J7TDSXY_L1.fq;undefined;male;adult;gut
M1l_FRRN192322418-1a_H5J7TDSXY_L1.fq;undefined;male;adult;liver
M2b_FRRN192322424-1a_H5J7TDSXY_L1.fq;undefined;male;adult;brain
M2g_FRRN192322416-1a_H5J7TDSXY_L1.fq;undefined;male;adult;gut
M2l_FRRN192322420-1a_H5J7TDSXY_L1.fq;undefined;male;adult;liver
