chr;source;start;stop;strand;id;parent_id;parent_name;parent_biotype;has_parent
1;ensembl;7918795;7918882;-;ENSDARG00000109652;-;-;-;intergenic
1;ensembl;7919480;7919567;-;ENSDARG00000115102;-;-;-;intergenic
1;ensembl;7920119;7920206;-;ENSDARG00000115288;-;-;-;intergenic
1;ensembl;16458525;16458741;+;ENSDARG00000109375;-;-;-;intergenic
1;ensembl;16458525;16458740;+;ENSDARG00000115704;-;-;-;intergenic
1;ensembl;16927724;16927939;-;ENSDARG00000110937;-;-;-;intergenic
1;ensembl;16930156;16930372;-;ENSDARG00000117129;-;-;-;intergenic
1;ensembl;16932586;16932801;-;ENSDARG00000116147;-;-;-;intergenic
1;ensembl;16935395;16935611;-;ENSDARG00000116406;-;-;-;intergenic
1;ensembl;16935396;16935611;-;ENSDARG00000111254;-;-;-;intergenic
1;ensembl;16937417;16937633;-;ENSDARG00000113731;-;-;-;intergenic
1;ensembl;16937418;16937633;-;ENSDARG00000115569;-;-;-;intergenic
1;ensembl;16939166;16939381;-;ENSDARG00000113149;-;-;-;intergenic
1;ensembl;16941215;16941430;-;ENSDARG00000116958;-;-;-;intergenic
10;ensembl;22847272;22847404;+;ENSDARG00000082850;-;-;-;intergenic
14;ensembl;11609562;11609778;-;ENSDARG00000111813;-;-;-;intergenic
14;ensembl;11609563;11609778;-;ENSDARG00000113221;-;-;-;intergenic
14;ensembl;11612057;11612272;-;ENSDARG00000116747;-;-;-;intergenic
14;ensembl;11614549;11614765;-;ENSDARG00000112219;-;-;-;intergenic
14;ensembl;11614550;11614765;-;ENSDARG00000114807;-;-;-;intergenic
14;RNAcentral;11617045;11617261;-;URS00006E0A43_7955;-;-;-;intergenic
14;ensembl;11627338;11627553;-;ENSDARG00000113745;-;-;-;intergenic
14;ensembl;11629832;11630048;-;ENSDARG00000114688;-;-;-;intergenic
14;ensembl;11629833;11630048;-;ENSDARG00000113849;-;-;-;intergenic
14;ensembl;11632363;11632578;-;ENSDARG00000109533;-;-;-;intergenic
14;ensembl;11634864;11635080;-;ENSDARG00000113902;-;-;-;intergenic
14;ensembl;11634865;11635080;-;ENSDARG00000115495;-;-;-;intergenic
14;ensembl;11637354;11637570;-;ENSDARG00000113344;-;-;-;intergenic
14;ensembl;11637355;11637570;-;ENSDARG00000110201;-;-;-;intergenic
14;ensembl;11640626;11640841;-;ENSDARG00000109938;-;-;-;intergenic
15;Predicted;425320;425581;-;snoRNA-pred546;-;-;-;intergenic
15;ensembl;425695;425756;-;ENSDARG00000113271;-;-;-;intergenic
16;Predicted;24898052;24898370;+;snoRNA-pred749;-;-;-;intergenic
19;Predicted;17354028;17354171;+;snoRNA-pred1020;-;-;-;intergenic
2;ensembl;26501768;26501900;+;ENSDARG00000083424;-;-;-;intergenic
2;Predicted;30177370;30177606;+;snoRNA-pred1173;-;-;-;intergenic
20;ensembl;3322604;3322820;-;ENSDARG00000110897;-;-;-;intergenic
20;ensembl;3322605;3322820;-;ENSDARG00000111622;-;-;-;intergenic
20;ensembl;3323566;3323782;-;ENSDARG00000116159;-;-;-;intergenic
20;ensembl;3323567;3323782;-;ENSDARG00000103728;-;-;-;intergenic
20;ensembl;3324483;3324698;-;ENSDARG00000109928;-;-;-;intergenic
20;ensembl;3325446;3325661;-;ENSDARG00000111498;-;-;-;intergenic
20;RNAcentral;3326409;3326625;-;URS0000714AB3_7955;-;-;-;intergenic
20;ensembl;3327390;3327605;-;ENSDARG00000109939;-;-;-;intergenic
20;ensembl;3328354;3328569;-;ENSDARG00000109270;-;-;-;intergenic
20;ensembl;3329513;3329727;-;ENSDARG00000114361;-;-;-;intergenic
20;ensembl;3330476;3330691;-;ENSDARG00000112804;-;-;-;intergenic
20;RNAcentral;3331455;3331671;-;URS000062A271_7955;-;-;-;intergenic
20;ensembl;3332611;3332826;-;ENSDARG00000099125;-;-;-;intergenic
20;ensembl;3332612;3332826;-;ENSDARG00000116506;-;-;-;intergenic
20;ensembl;3333576;3333791;-;ENSDARG00000113840;-;-;-;intergenic
20;ensembl;3334542;3334758;-;ENSDARG00000112553;-;-;-;intergenic
20;ensembl;3334543;3334758;-;ENSDARG00000116415;-;-;-;intergenic
20;Predicted;16427785;16428076;+;snoRNA-pred1255;-;-;-;intergenic
20;ensembl;23081660;23081796;-;ENSDARG00000084628;-;-;-;intergenic
20;ensembl;23081660;23081781;-;ENSDARG00000103384;-;-;-;intergenic
20;ensembl;23082069;23082190;-;ENSDARG00000085485;-;-;-;intergenic
21;RNAcentral;7144195;7147649;+;URS0000A88D14_7955;-;-;-;intergenic
21;RNAcentral;7144199;7144329;+;URS00006B946E_7955;-;-;-;intergenic
21;ensembl;7147698;7147835;+;ENSDARG00000101659;-;-;-;intergenic
21;ensembl;40400714;40400788;+;ENSDARG00000080775;-;-;-;intergenic
21;ensembl;40400938;40401012;+;ENSDARG00000080188;-;-;-;intergenic
3;ensembl;6038203;6038338;+;ENSDARG00000084991;-;-;-;intergenic
3;ensembl;55483513;55483647;+;ENSDARG00000080685;-;-;-;intergenic
4;Predicted;28693255;28693504;+;snoRNA-pred2226;-;-;-;intergenic
5;Predicted;9440230;9440354;+;snoRNA-pred5999;-;-;-;intergenic
5;ensembl;61580599;61580697;+;ENSDARG00000081799;-;-;-;intergenic
6;Predicted;364200;364318;-;snoRNA-pred6260;-;-;-;intergenic
7;ensembl;7772165;7772377;+;ENSDARG00000112042;-;-;-;intergenic
7;ensembl;7772165;7772378;+;ENSDARG00000110604;-;-;-;intergenic
7;ensembl;7778963;7779175;+;ENSDARG00000109750;-;-;-;intergenic
7;ensembl;7778963;7779176;+;ENSDARG00000109762;-;-;-;intergenic
7;Predicted;27043921;27044156;+;snoRNA-pred6484;-;-;-;intergenic
8;RNAcentral;37226232;37226328;+;URS00006B21FE_7955;-;-;-;intergenic
KN149795.1;RNAcentral;17231;17300;-;URS0000677FC1_7955;-;-;-;intergenic
KN149795.1;RNAcentral;21188;21265;-;URS00006D3DBC_7955;-;-;-;intergenic
KN150173.1;RNAcentral;14559;14650;-;URS000068E66F_7955;-;-;-;intergenic
KN150173.1;RNAcentral;15258;15346;-;URS000068EA6F_7955;-;-;-;intergenic
KN150173.1;RNAcentral;15935;16023;-;URS00006B2451_7955;-;-;-;intergenic
Un_KN149795v1;Predicted;21071;21280;-;snoRNA-pred7060;-;-;-;intergenic
Un_KN150173v1;Predicted;14456;14715;-;snoRNA-pred7137;-;-;-;intergenic
Un_KN150173v1;Predicted;15911;16025;-;snoRNA-pred7139;-;-;-;intergenic
Un_KN150487v1;Predicted;16728;16846;+;snoRNA-pred7191;-;-;-;intergenic
4;Predicted;77660746;77660857;+;snoRNA-pred5974;ENSDARG00000097345;AL935186.3;antisense;non-coding
20;ensembl;10489621;10489890;+;ENSDARG00000083738;ENSDARG00000097342;AL845550.2;lincRNA;non-coding
3;ensembl;30694783;30694872;+;ENSDARG00000080424;ENSDARG00000097595;BX682556.3;lincRNA;non-coding
7;Predicted;51825813;51825968;+;snoRNA-pred6521;ENSDARG00000105682;BX957362.1;lincRNA;non-coding
5;ensembl;69183390;69183522;+;ENSDARG00000083389;ENSDARG00000097815;CU928129.2;lincRNA;non-coding
15;ensembl;44017433;44017563;-;ENSDARG00000105169;ENSDARG00000117638;FO704909.2;lincRNA;non-coding
10;ensembl;17119917;17120049;+;ENSDARG00000115663;ENSDARG00000095421;BX324123.4;processed_transcript;non-coding
10;ensembl;17123368;17123500;+;ENSDARG00000109514;ENSDARG00000095421;BX324123.4;processed_transcript;non-coding
10;ensembl;17125340;17125466;+;ENSDARG00000081379;ENSDARG00000095421;BX324123.4;processed_transcript;non-coding
10;ensembl;17127316;17127448;+;ENSDARG00000080633;ENSDARG00000095421;BX324123.4;processed_transcript;non-coding
5;ensembl;61351368;61351501;+;ENSDARG00000084995;ENSDARG00000094097;CR936321.5;processed_transcript;non-coding
5;ensembl;61351920;61351995;+;ENSDARG00000080462;ENSDARG00000094097;CR936321.5;processed_transcript;non-coding
5;ensembl;61352331;61352465;+;ENSDARG00000081850;ENSDARG00000094097;CR936321.5;processed_transcript;non-coding
5;Predicted;61352613;61352789;+;snoRNA-pred6247;ENSDARG00000094097;CR936321.5;processed_transcript;non-coding
5;ensembl;61353794;61353917;+;ENSDARG00000081937;ENSDARG00000094097;CR936321.5;processed_transcript;non-coding
5;Predicted;61353984;61354249;+;snoRNA-pred6248;ENSDARG00000094097;CR936321.5;processed_transcript;non-coding
8;ensembl;16610248;16610319;-;ENSDARG00000087030;ENSDARG00000092337;CU467861.6;processed_transcript;non-coding
8;ensembl;16611114;16611194;-;ENSDARG00000116829;ENSDARG00000092337;CU467861.6;processed_transcript;non-coding
8;ensembl;16611327;16611411;-;ENSDARG00000109557;ENSDARG00000092337;CU467861.6;processed_transcript;non-coding
8;ensembl;16611328;16611408;-;ENSDARG00000112580;ENSDARG00000092337;CU467861.6;processed_transcript;non-coding
8;ensembl;16611666;16611747;-;ENSDARG00000083254;ENSDARG00000092337;CU467861.6;processed_transcript;non-coding
8;ensembl;16611935;16612017;-;ENSDARG00000080924;ENSDARG00000092337;CU467861.6;processed_transcript;non-coding
8;Predicted;16612068;16612275;-;snoRNA-pred6564;ENSDARG00000092337;CU467861.6;processed_transcript;non-coding
8;ensembl;16612808;16612881;-;ENSDARG00000080205;ENSDARG00000092337;CU467861.6;processed_transcript;non-coding
8;ensembl;16613029;16613109;-;ENSDARG00000083457;ENSDARG00000092337;CU467861.6;processed_transcript;non-coding
11;ensembl;7149989;7150082;+;ENSDARG00000081946;ENSDARG00000097452;CU929070.5;processed_transcript;non-coding
11;ensembl;7150274;7150366;+;ENSDARG00000083266;ENSDARG00000097452;CU929070.5;processed_transcript;non-coding
11;ensembl;7150547;7150640;+;ENSDARG00000080372;ENSDARG00000097452;CU929070.5;processed_transcript;non-coding
11;ensembl;7150820;7150906;+;ENSDARG00000081802;ENSDARG00000097452;CU929070.5;processed_transcript;non-coding
19;ensembl;18834727;18834857;-;ENSDARG00000112208;ENSDARG00000105273;FP074902.2;processed_transcript;non-coding
19;ensembl;18838411;18838541;-;ENSDARG00000113464;ENSDARG00000105273;FP074902.2;processed_transcript;non-coding
19;ensembl;18841413;18841543;-;ENSDARG00000110189;ENSDARG00000105273;FP074902.2;processed_transcript;non-coding
19;ensembl;27464416;27464482;-;ENSDARG00000115154;ENSDARG00000095427;FP101887.1;processed_transcript;non-coding
19;ensembl;27465104;27465170;-;ENSDARG00000116097;ENSDARG00000095427;FP101887.1;processed_transcript;non-coding
19;ensembl;27465336;27465402;-;ENSDARG00000111586;ENSDARG00000095427;FP101887.1;processed_transcript;non-coding
19;ensembl;27468449;27468515;-;ENSDARG00000116175;ENSDARG00000095427;FP101887.1;processed_transcript;non-coding
7;ensembl;58748945;58749013;+;ENSDARG00000083158;ENSDARG00000036044;rps20;processed_transcript;non-coding
7;Predicted;25042422;25042573;+;snoRNA-pred6447;ENSDARG00000103682;si:dkey-23i12.5;processed_transcript;non-coding
7;ensembl;25043010;25043080;+;ENSDARG00000082440;ENSDARG00000103682;si:dkey-23i12.5;processed_transcript;non-coding
7;ensembl;25045182;25045246;+;ENSDARG00000080698;ENSDARG00000103682;si:dkey-23i12.5;processed_transcript;non-coding
7;ensembl;25045410;25045479;+;ENSDARG00000080156;ENSDARG00000103682;si:dkey-23i12.5;processed_transcript;non-coding
7;Predicted;25045632;25045773;+;snoRNA-pred6451;ENSDARG00000103682;si:dkey-23i12.5;processed_transcript;non-coding
7;ensembl;25045848;25045974;+;ENSDARG00000083784;ENSDARG00000103682;si:dkey-23i12.5;processed_transcript;non-coding
7;ensembl;25046139;25046208;+;ENSDARG00000080531;ENSDARG00000103682;si:dkey-23i12.5;processed_transcript;non-coding
7;ensembl;25046348;25046421;+;ENSDARG00000082087;ENSDARG00000103682;si:dkey-23i12.5;processed_transcript;non-coding
7;ensembl;24072381;24072484;+;ENSDARG00000081623;ENSDARG00000026842;acin1b;protein_coding;protein-coding
7;ensembl;24074861;24074975;+;ENSDARG00000083434;ENSDARG00000026842;acin1b;protein_coding;protein-coding
7;ensembl;24076711;24076821;+;ENSDARG00000080493;ENSDARG00000026842;acin1b;protein_coding;protein-coding
24;Predicted;21624840;21625012;+;snoRNA-pred1879;ENSDARG00000113148;AL929009.3;protein_coding;protein-coding
17;ensembl;11398076;11398157;-;ENSDARG00000112988;ENSDARG00000043873;arid4a;protein_coding;protein-coding
17;ensembl;11400583;11400665;-;ENSDARG00000089164;ENSDARG00000043873;arid4a;protein_coding;protein-coding
17;ensembl;11386859;11386940;-;ENSDARG00000114381;ENSDARG00000043873;arid4a;protein_coding;protein-coding
15;ensembl;45614290;45614569;+;ENSDARG00000083760;ENSDARG00000099430;atg16l1;protein_coding;protein-coding
15;ensembl;45617016;45617296;+;ENSDARG00000103474;ENSDARG00000099430;atg16l1;protein_coding;protein-coding
2;ensembl;26499649;26499754;+;ENSDARG00000085358;ENSDARG00000113087;BX569796.4;protein_coding;protein-coding
21;ensembl;37072951;37073080;-;ENSDARG00000085249;ENSDARG00000091187;BX649250.2;protein_coding;protein-coding
3;ensembl;34158875;34159072;+;ENSDARG00000082930;ENSDARG00000018698;carm1;protein_coding;protein-coding
19;Predicted;41000226;41000475;+;snoRNA-pred1052;ENSDARG00000020007;col1a2;protein_coding;protein-coding
1;ensembl;34708497;34708627;-;ENSDARG00000084532;ENSDARG00000109513;CR339054.7;protein_coding;protein-coding
1;ensembl;34711138;34711271;-;ENSDARG00000085301;ENSDARG00000109513;CR339054.7;protein_coding;protein-coding
1;ensembl;34711932;34712003;-;ENSDARG00000081849;ENSDARG00000109513;CR339054.7;protein_coding;protein-coding
1;ensembl;34712513;34712583;-;ENSDARG00000082811;ENSDARG00000109513;CR339054.7;protein_coding;protein-coding
17;ensembl;24615707;24615794;+;ENSDARG00000081568;ENSDARG00000116881;CR352220.2;protein_coding;protein-coding
17;ensembl;24617464;24617542;+;ENSDARG00000081926;ENSDARG00000116881;CR352220.2;protein_coding;protein-coding
22;ensembl;26781531;26781660;+;ENSDARG00000084004;ENSDARG00000104609;crebbpa;protein_coding;protein-coding
19;ensembl;16027419;16027490;-;ENSDARG00000081580;ENSDARG00000030700;ctps1a;protein_coding;protein-coding
19;Predicted;16027816;16028012;-;snoRNA-pred1017;ENSDARG00000030700;ctps1a;protein_coding;protein-coding
19;ensembl;16028456;16028590;-;ENSDARG00000081082;ENSDARG00000030700;ctps1a;protein_coding;protein-coding
19;ensembl;16029308;16029443;-;ENSDARG00000081931;ENSDARG00000030700;ctps1a;protein_coding;protein-coding
11;ensembl;5481753;5481884;+;ENSDARG00000085825;ENSDARG00000006963;cse1l;protein_coding;protein-coding
21;ensembl;43705608;43705684;+;ENSDARG00000111793;ENSDARG00000016484;dkc1;protein_coding;protein-coding
21;ensembl;43709559;43709635;+;ENSDARG00000110554;ENSDARG00000016484;dkc1;protein_coding;protein-coding
21;ensembl;43709859;43709995;+;ENSDARG00000083089;ENSDARG00000016484;dkc1;protein_coding;protein-coding
21;ensembl;43710296;43710372;+;ENSDARG00000115970;ENSDARG00000016484;dkc1;protein_coding;protein-coding
21;ensembl;43710610;43710685;+;ENSDARG00000083150;ENSDARG00000016484;dkc1;protein_coding;protein-coding
21;ensembl;43713644;43713776;+;ENSDARG00000083826;ENSDARG00000016484;dkc1;protein_coding;protein-coding
6;Predicted;13204817;13205099;-;snoRNA-pred6292;ENSDARG00000044521;eef1b2;protein_coding;protein-coding
22;ensembl;20139525;20139592;+;ENSDARG00000080172;ENSDARG00000042094;eef2a.1;protein_coding;protein-coding
22;ensembl;20151925;20151981;+;ENSDARG00000085594;ENSDARG00000042065;eef2a.2;protein_coding;protein-coding
2;Predicted;57157714;57157877;+;snoRNA-pred1220;ENSDARG00000100371;eef2b;protein_coding;protein-coding
2;Predicted;57165737;57165877;+;snoRNA-pred1224;ENSDARG00000100371;eef2b;protein_coding;protein-coding
24;Predicted;16984239;16984449;+;snoRNA-pred1870;ENSDARG00000008292;eif2s3;protein_coding;protein-coding
12;Predicted;3955450;3955676;-;snoRNA-pred333;ENSDARG00000016443;eif3c;protein_coding;protein-coding
7;ensembl;26513822;26513960;-;ENSDARG00000081103;ENSDARG00000092115;eif4a1a;protein_coding;protein-coding
7;Predicted;26515396;26515579;-;snoRNA-pred6481;ENSDARG00000092115;eif4a1a;protein_coding;protein-coding
7;Predicted;26515830;26516089;-;snoRNA-pred6482;ENSDARG00000092115;eif4a1a;protein_coding;protein-coding
2;ensembl;7720559;7720629;+;ENSDARG00000082639;ENSDARG00000016477;eif4a2;protein_coding;protein-coding
2;ensembl;7720939;7721009;+;ENSDARG00000083056;ENSDARG00000016477;eif4a2;protein_coding;protein-coding
2;ensembl;7721212;7721390;+;ENSDARG00000083986;ENSDARG00000016477;eif4a2;protein_coding;protein-coding
2;ensembl;7723394;7723583;+;ENSDARG00000083699;ENSDARG00000016477;eif4a2;protein_coding;protein-coding
2;ensembl;7723870;7723941;+;ENSDARG00000080523;ENSDARG00000016477;eif4a2;protein_coding;protein-coding
2;ensembl;16824759;16824819;+;ENSDARG00000084411;ENSDARG00000006200;eif4g1a;protein_coding;protein-coding
2;ensembl;16829689;16829764;+;ENSDARG00000080942;ENSDARG00000006200;eif4g1a;protein_coding;protein-coding
18;ensembl;16721799;16721982;+;ENSDARG00000080895;ENSDARG00000057167;eif4g2b;protein_coding;protein-coding
23;Predicted;44620728;44620945;+;snoRNA-pred1846;ENSDARG00000039007;eno3;protein_coding;protein-coding
14;ensembl;31533083;31533220;+;ENSDARG00000084548;ENSDARG00000036500;fam122b;protein_coding;protein-coding
14;ensembl;31540443;31540598;+;ENSDARG00000084543;ENSDARG00000036500;fam122b;protein_coding;protein-coding
25;ensembl;196605;196729;+;ENSDARG00000080855;ENSDARG00000114901;FP236318.5;protein_coding;protein-coding
2;Predicted;8657377;8657555;+;snoRNA-pred1107;ENSDARG00000029248;fubp1;protein_coding;protein-coding
16;Predicted;29007256;29007494;+;snoRNA-pred774;ENSDARG00000005867;gon4l;protein_coding;protein-coding
7;ensembl;59157559;59157689;-;ENSDARG00000103500;ENSDARG00000101652;haus6;protein_coding;protein-coding
10;ensembl;29850572;29850667;+;ENSDARG00000115047;ENSDARG00000068992;hspa8;protein_coding;protein-coding
10;ensembl;29851000;29851095;+;ENSDARG00000113056;ENSDARG00000068992;hspa8;protein_coding;protein-coding
10;ensembl;29852147;29852242;+;ENSDARG00000082008;ENSDARG00000068992;hspa8;protein_coding;protein-coding
7;ensembl;65151737;65151917;+;ENSDARG00000082611;ENSDARG00000035751;ipo7;protein_coding;protein-coding
23;ensembl;24606237;24606374;+;ENSDARG00000081648;ENSDARG00000056318;kansl2;protein_coding;protein-coding
12;ensembl;5051562;5051697;+;ENSDARG00000114453;ENSDARG00000102624;kif22;protein_coding;protein-coding
12;ensembl;5052443;5052578;+;ENSDARG00000113231;ENSDARG00000102624;kif22;protein_coding;protein-coding
12;ensembl;5057221;5057356;+;ENSDARG00000104662;ENSDARG00000102624;kif22;protein_coding;protein-coding
12;ensembl;5061567;5061697;+;ENSDARG00000100745;ENSDARG00000102624;kif22;protein_coding;protein-coding
19;ensembl;48033299;48033440;+;ENSDARG00000104420;ENSDARG00000104889;kpnb1;protein_coding;protein-coding
1;ensembl;2275605;2275742;+;ENSDARG00000082290;ENSDARG00000040245;kpnb3;protein_coding;protein-coding
3;ensembl;19349719;19349817;+;ENSDARG00000081972;ENSDARG00000075380;kri1;protein_coding;protein-coding
13;ensembl;28740235;28740369;+;ENSDARG00000080647;ENSDARG00000010137;ldb1a;protein_coding;protein-coding
12;ensembl;36159664;36159753;-;ENSDARG00000098998;ENSDARG00000099184;map2k6;protein_coding;protein-coding
24;Predicted;23746462;23746762;+;snoRNA-pred1884;ENSDARG00000106560;MCMDC2;protein_coding;protein-coding
6;Predicted;7757797;7757951;-;snoRNA-pred6278;ENSDARG00000063295;myh9a;protein_coding;protein-coding
23;ensembl;17873526;17873598;+;ENSDARG00000081030;ENSDARG00000005513;naca;protein_coding;protein-coding
23;ensembl;17874072;17874147;+;ENSDARG00000082833;ENSDARG00000005513;naca;protein_coding;protein-coding
24;Predicted;12839600;12839759;+;snoRNA-pred1865;ENSDARG00000075113;nanog;protein_coding;protein-coding
2;ensembl;44763082;44763375;-;ENSDARG00000083325;ENSDARG00000005058;ncapd2;protein_coding;protein-coding
2;ensembl;44774275;44774595;-;ENSDARG00000081126;ENSDARG00000005058;ncapd2;protein_coding;protein-coding
23;ensembl;24606237;24606374;+;ENSDARG00000081648;ENSDARG00000079148;nckap5l;protein_coding;protein-coding
22;ensembl;36675801;36675931;-;ENSDARG00000081440;ENSDARG00000002710;ncl;protein_coding;protein-coding
22;ensembl;36677247;36677370;-;ENSDARG00000083582;ENSDARG00000002710;ncl;protein_coding;protein-coding
22;ensembl;36683988;36684056;-;ENSDARG00000107036;ENSDARG00000002710;ncl;protein_coding;protein-coding
23;Predicted;12904585;12904813;-;snoRNA-pred1786;ENSDARG00000058212;ndnl2;protein_coding;protein-coding
9;ensembl;38160446;38160572;+;ENSDARG00000080777;ENSDARG00000040666;nifk;protein_coding;protein-coding
9;ensembl;38161263;38161389;+;ENSDARG00000083885;ENSDARG00000040666;nifk;protein_coding;protein-coding
16;ensembl;17244908;17245047;-;ENSDARG00000083842;ENSDARG00000043304;nop2;protein_coding;protein-coding
16;ensembl;17247222;17247363;-;ENSDARG00000084449;ENSDARG00000043304;nop2;protein_coding;protein-coding
21;ensembl;11961238;11961304;-;ENSDARG00000086733;ENSDARG00000012820;nop56;protein_coding;protein-coding
6;ensembl;9668277;9668361;-;ENSDARG00000085291;ENSDARG00000104353;nop58;protein_coding;protein-coding
6;ensembl;9672680;9672763;-;ENSDARG00000085557;ENSDARG00000104353;nop58;protein_coding;protein-coding
6;ensembl;9673032;9673122;-;ENSDARG00000080938;ENSDARG00000104353;nop58;protein_coding;protein-coding
11;Predicted;38545779;38545986;-;snoRNA-pred312;ENSDARG00000078473;nucks1a;protein_coding;protein-coding
19;ensembl;12131045;12131180;-;ENSDARG00000114781;ENSDARG00000021140;pabpc1b;protein_coding;protein-coding
19;ensembl;12136736;12136871;-;ENSDARG00000113630;ENSDARG00000021140;pabpc1b;protein_coding;protein-coding
6;Predicted;60061738;60061990;+;snoRNA-pred6390;ENSDARG00000013522;pck1;protein_coding;protein-coding
11;ensembl;23655350;23655478;-;ENSDARG00000086888;ENSDARG00000086927;pik3c2b;protein_coding;protein-coding
3;Predicted;54556333;54556431;+;snoRNA-pred2130;ENSDARG00000022232;ppan;protein_coding;protein-coding
3;Predicted;54558543;54558684;+;snoRNA-pred2132;ENSDARG00000022232;ppan;protein_coding;protein-coding
3;Predicted;54561166;54561448;+;snoRNA-pred2133;ENSDARG00000022232;ppan;protein_coding;protein-coding
16;ensembl;4527481;4527647;-;ENSDARG00000085786;ENSDARG00000022430;ppp1r8b;protein_coding;protein-coding
2;ensembl;32666324;32666459;-;ENSDARG00000082493;ENSDARG00000032175;puf60a;protein_coding;protein-coding
2;ensembl;32667132;32667265;-;ENSDARG00000085829;ENSDARG00000032175;puf60a;protein_coding;protein-coding
19;ensembl;43077744;43077879;+;ENSDARG00000115429;ENSDARG00000099256;pum1;protein_coding;protein-coding
19;ensembl;43080925;43081060;+;ENSDARG00000112530;ENSDARG00000099256;pum1;protein_coding;protein-coding
5;ensembl;19008646;19008774;-;ENSDARG00000086007;ENSDARG00000014817;ranbp1;protein_coding;protein-coding
14;ensembl;31859430;31859506;-;ENSDARG00000082652;ENSDARG00000014244;rbmx;protein_coding;protein-coding
14;ensembl;31860408;31860470;-;ENSDARG00000085696;ENSDARG00000014244;rbmx;protein_coding;protein-coding
14;ensembl;31860750;31860827;-;ENSDARG00000083171;ENSDARG00000014244;rbmx;protein_coding;protein-coding
10;Predicted;9610065;9610254;+;snoRNA-pred130;ENSDARG00000063050;rc3h2;protein_coding;protein-coding
10;Predicted;9642424;9642665;+;snoRNA-pred131;ENSDARG00000063050;rc3h2;protein_coding;protein-coding
10;Predicted;9643033;9643285;+;snoRNA-pred132;ENSDARG00000063050;rc3h2;protein_coding;protein-coding
19;Predicted;12037674;12037894;-;snoRNA-pred1015;ENSDARG00000012040;rnf19a;protein_coding;protein-coding
23;ensembl;19713095;19713228;-;ENSDARG00000117085;ENSDARG00000025581;rpl10;protein_coding;protein-coding
5;ensembl;32885205;32885331;+;ENSDARG00000083894;ENSDARG00000006691;rpl12;protein_coding;protein-coding
5;ensembl;32885760;32885886;+;ENSDARG00000085713;ENSDARG00000006691;rpl12;protein_coding;protein-coding
5;ensembl;32886472;32886598;+;ENSDARG00000083937;ENSDARG00000006691;rpl12;protein_coding;protein-coding
7;ensembl;67471357;67471438;+;ENSDARG00000104104;ENSDARG00000099380;rpl13;protein_coding;protein-coding
7;ensembl;67473392;67473474;+;ENSDARG00000100318;ENSDARG00000099380;rpl13;protein_coding;protein-coding
7;ensembl;67476155;67476231;+;ENSDARG00000102909;ENSDARG00000099380;rpl13;protein_coding;protein-coding
17;ensembl;24615707;24615794;+;ENSDARG00000081568;ENSDARG00000044093;rpl13a;protein_coding;protein-coding
17;ensembl;24617464;24617542;+;ENSDARG00000081926;ENSDARG00000044093;rpl13a;protein_coding;protein-coding
4;ensembl;393766;393902;+;ENSDARG00000084828;ENSDARG00000025073;rpl18a;protein_coding;protein-coding
24;Predicted;21624840;21625012;+;snoRNA-pred1879;ENSDARG00000010516;rpl21;protein_coding;protein-coding
3;ensembl;33424192;33424328;-;ENSDARG00000116621;ENSDARG00000053457;rpl23;protein_coding;protein-coding
21;ensembl;26074446;26074513;+;ENSDARG00000082891;ENSDARG00000006316;rpl23a;protein_coding;protein-coding
3;ensembl;29867404;29867540;-;ENSDARG00000083593;ENSDARG00000003599;rpl3;protein_coding;protein-coding
3;ensembl;29868635;29868732;-;ENSDARG00000083950;ENSDARG00000003599;rpl3;protein_coding;protein-coding
22;ensembl;31043509;31043647;+;ENSDARG00000082419;ENSDARG00000054818;rpl32;protein_coding;protein-coding
21;ensembl;5199981;5200059;-;ENSDARG00000081621;ENSDARG00000034291;rpl37;protein_coding;protein-coding
14;ensembl;33333448;33333581;-;ENSDARG00000082020;ENSDARG00000036316;rpl39;protein_coding;protein-coding
18;ensembl;19451582;19451651;-;ENSDARG00000082911;ENSDARG00000041182;rpl4;protein_coding;protein-coding
18;ensembl;19451870;19451937;-;ENSDARG00000082511;ENSDARG00000041182;rpl4;protein_coding;protein-coding
18;ensembl;19452210;19452278;-;ENSDARG00000080636;ENSDARG00000041182;rpl4;protein_coding;protein-coding
18;ensembl;19452751;19452881;-;ENSDARG00000080450;ENSDARG00000041182;rpl4;protein_coding;protein-coding
18;ensembl;19454486;19454583;-;ENSDARG00000110758;ENSDARG00000041182;rpl4;protein_coding;protein-coding
18;ensembl;19454800;19454867;-;ENSDARG00000080158;ENSDARG00000041182;rpl4;protein_coding;protein-coding
18;ensembl;19455144;19455241;-;ENSDARG00000110617;ENSDARG00000041182;rpl4;protein_coding;protein-coding
6;ensembl;29089559;29089648;+;ENSDARG00000082607;ENSDARG00000015862;rpl5b;protein_coding;protein-coding
6;ensembl;29096849;29096945;+;ENSDARG00000082960;ENSDARG00000015862;rpl5b;protein_coding;protein-coding
2;ensembl;30181130;30181219;-;ENSDARG00000081450;ENSDARG00000007320;rpl7;protein_coding;protein-coding
5;ensembl;33284556;33284626;-;ENSDARG00000082739;ENSDARG00000019230;rpl7a;protein_coding;protein-coding
5;ensembl;33284908;33284983;-;ENSDARG00000080936;ENSDARG00000019230;rpl7a;protein_coding;protein-coding
5;ensembl;33285526;33285597;-;ENSDARG00000109264;ENSDARG00000019230;rpl7a;protein_coding;protein-coding
5;ensembl;33286587;33286658;-;ENSDARG00000116248;ENSDARG00000019230;rpl7a;protein_coding;protein-coding
5;ensembl;1952652;1952778;-;ENSDARG00000081702;ENSDARG00000051783;rplp0;protein_coding;protein-coding
5;ensembl;1960073;1960200;-;ENSDARG00000115262;ENSDARG00000051783;rplp0;protein_coding;protein-coding
5;ensembl;1962282;1962409;-;ENSDARG00000083378;ENSDARG00000051783;rplp0;protein_coding;protein-coding
3;ensembl;37787818;37787902;+;ENSDARG00000115494;ENSDARG00000053058;rps11;protein_coding;protein-coding
3;ensembl;37788203;37788289;+;ENSDARG00000082213;ENSDARG00000053058;rps11;protein_coding;protein-coding
3;ensembl;37788476;37788560;+;ENSDARG00000080422;ENSDARG00000053058;rps11;protein_coding;protein-coding
3;ensembl;37788861;37788945;+;ENSDARG00000117016;ENSDARG00000053058;rps11;protein_coding;protein-coding
23;ensembl;31433273;31433348;+;ENSDARG00000081654;ENSDARG00000036875;rps12;protein_coding;protein-coding
23;ensembl;31433579;31433663;+;ENSDARG00000081875;ENSDARG00000036875;rps12;protein_coding;protein-coding
7;ensembl;27043715;27043842;+;ENSDARG00000080351;ENSDARG00000036298;rps13;protein_coding;protein-coding
25;ensembl;195790;195914;+;ENSDARG00000080532;ENSDARG00000046157;RPS17;protein_coding;protein-coding
25;ensembl;196605;196729;+;ENSDARG00000080855;ENSDARG00000046157;RPS17;protein_coding;protein-coding
19;Predicted;18622123;18622406;-;snoRNA-pred1024;ENSDARG00000100392;rps18;protein_coding;protein-coding
18;ensembl;3040274;3040422;+;ENSDARG00000113885;ENSDARG00000103007;rps3;protein_coding;protein-coding
18;ensembl;3044053;3044201;+;ENSDARG00000111557;ENSDARG00000103007;rps3;protein_coding;protein-coding
18;ensembl;3047003;3047149;+;ENSDARG00000098534;ENSDARG00000103007;rps3;protein_coding;protein-coding
18;ensembl;3049515;3049659;+;ENSDARG00000098419;ENSDARG00000103007;rps3;protein_coding;protein-coding
20;ensembl;30372663;30372883;-;ENSDARG00000083400;ENSDARG00000042566;rps7;protein_coding;protein-coding
20;ensembl;30373207;30373427;-;ENSDARG00000082242;ENSDARG00000042566;rps7;protein_coding;protein-coding
20;ensembl;30373865;30374084;-;ENSDARG00000080823;ENSDARG00000042566;rps7;protein_coding;protein-coding
20;ensembl;30374686;30374906;-;ENSDARG00000083108;ENSDARG00000042566;rps7;protein_coding;protein-coding
2;ensembl;26499649;26499754;+;ENSDARG00000085358;ENSDARG00000055996;rps8a;protein_coding;protein-coding
2;ensembl;26501033;26501103;+;ENSDARG00000106293;ENSDARG00000055996;rps8a;protein_coding;protein-coding
6;ensembl;7717164;7717302;-;ENSDARG00000081943;ENSDARG00000019181;rpsa;protein_coding;protein-coding
6;ensembl;7717788;7717929;-;ENSDARG00000116745;ENSDARG00000019181;rpsa;protein_coding;protein-coding
6;ensembl;7718273;7718414;-;ENSDARG00000113571;ENSDARG00000019181;rpsa;protein_coding;protein-coding
20;ensembl;29495300;29495435;-;ENSDARG00000083256;ENSDARG00000020711;rrm2;protein_coding;protein-coding
19;ensembl;47567713;47567848;-;ENSDARG00000081961;ENSDARG00000078069;rrm2;protein_coding;protein-coding
12;ensembl;19385426;19385555;+;ENSDARG00000084034;ENSDARG00000055868;rsl1d1;protein_coding;protein-coding
12;ensembl;19388143;19388273;+;ENSDARG00000084670;ENSDARG00000055868;rsl1d1;protein_coding;protein-coding
20;Predicted;10546307;10546580;+;snoRNA-pred1248;ENSDARG00000090286;serpina1;protein_coding;protein-coding
18;ensembl;18569241;18569322;-;ENSDARG00000109897;ENSDARG00000103553;sf3b3;protein_coding;protein-coding
18;ensembl;18577474;18577549;-;ENSDARG00000083268;ENSDARG00000103553;sf3b3;protein_coding;protein-coding
18;ensembl;18577814;18577894;-;ENSDARG00000080744;ENSDARG00000103553;sf3b3;protein_coding;protein-coding
2;ensembl;9746858;9746993;-;ENSDARG00000080840;ENSDARG00000092780;si:ch1073-170o4.1;protein_coding;protein-coding
2;ensembl;9747302;9747431;-;ENSDARG00000080499;ENSDARG00000092780;si:ch1073-170o4.1;protein_coding;protein-coding
8;ensembl;23781005;23781394;+;ENSDARG00000104511;ENSDARG00000034457;si:ch211-163l21.7;protein_coding;protein-coding
20;Predicted;38624256;38624508;+;snoRNA-pred1292;ENSDARG00000033916;si:ch211-243j20.2;protein_coding;protein-coding
14;ensembl;14837073;14837270;+;ENSDARG00000102120;ENSDARG00000100366;si:dkey-102m7.3;protein_coding;protein-coding
19;ensembl;24756843;24756974;-;ENSDARG00000084209;ENSDARG00000057010;si:dkey-154b15.1;protein_coding;protein-coding
19;ensembl;24757193;24757324;-;ENSDARG00000081895;ENSDARG00000057010;si:dkey-154b15.1;protein_coding;protein-coding
9;Predicted;18909282;18909446;-;snoRNA-pred6714;ENSDARG00000092033;si:dkey-239h2.3;protein_coding;protein-coding
4;Predicted;77660746;77660857;+;snoRNA-pred5974;ENSDARG00000068865;si:dkey-61p9.7;protein_coding;protein-coding
24;ensembl;39787473;39787564;+;ENSDARG00000085781;ENSDARG00000062058;slc12a7b;protein_coding;protein-coding
25;ensembl;3316057;3316283;+;ENSDARG00000109437;ENSDARG00000025566;slc25a3b;protein_coding;protein-coding
25;ensembl;3319164;3319390;+;ENSDARG00000115852;ENSDARG00000025566;slc25a3b;protein_coding;protein-coding
23;Predicted;1096952;1097127;+;snoRNA-pred1754;ENSDARG00000036864;slc34a2b;protein_coding;protein-coding
5;ensembl;15734525;15734580;-;ENSDARG00000084148;ENSDARG00000086327;srrm4;protein_coding;protein-coding
20;Predicted;2735176;2735472;+;snoRNA-pred1236;ENSDARG00000040184;syncrip;protein_coding;protein-coding
20;Predicted;2736825;2736933;+;snoRNA-pred1237;ENSDARG00000040184;syncrip;protein_coding;protein-coding
23;Predicted;2433234;2433440;+;snoRNA-pred1756;ENSDARG00000017891;tcp1;protein_coding;protein-coding
13;ensembl;49580507;49580639;-;ENSDARG00000117034;ENSDARG00000103163;tomm20a;protein_coding;protein-coding
1;ensembl;34708497;34708627;-;ENSDARG00000084532;ENSDARG00000092693;tpt1;protein_coding;protein-coding
1;ensembl;34711138;34711271;-;ENSDARG00000085301;ENSDARG00000092693;tpt1;protein_coding;protein-coding
1;ensembl;34711932;34712003;-;ENSDARG00000081849;ENSDARG00000092693;tpt1;protein_coding;protein-coding
1;ensembl;34712513;34712583;-;ENSDARG00000082811;ENSDARG00000092693;tpt1;protein_coding;protein-coding
12;Predicted;17935593;17935844;+;snoRNA-pred367;ENSDARG00000100623;trrap;protein_coding;protein-coding
19;ensembl;17373632;17373686;+;ENSDARG00000117203;ENSDARG00000116649;ube2e1;protein_coding;protein-coding
23;ensembl;31433273;31433348;+;ENSDARG00000081654;ENSDARG00000036876;zgc:153284;protein_coding;protein-coding
23;ensembl;31433579;31433663;+;ENSDARG00000081875;ENSDARG00000036876;zgc:153284;protein_coding;protein-coding
19;ensembl;7825395;7825533;-;ENSDARG00000083576;ENSDARG00000019299;znf687b;protein_coding;protein-coding
